SOFTWARE DEVELOPER - $90K+,PRO-VISION Video Systems,"Springfield, IL",c net sql javascript 
ASP.Net Software Developer (IT Software Developer,CMPG,"Warrenton, VA",net c javascript css 
Associate Software Developer,Uline,"Pleasant Prairie, WI 53158",net java sql 
Full Stack IoT Software Developers - 3 to 5 Years Experience Preferred,"AVTECH Software, Inc.","Warren, RI 02885",java cloud php react git javascript 
Software Developer,Central Access Corporation,"Ridgeland, MS 39157",
Senior Software Developer,Digital Media Solutions,"Lehi, UT",ruby sql mvc git javascript vue rspec redis 
Software Developer,Cogent3D Inc.,"Tucson, AZ 85715",net c 
Software Developer,Software Intellects,"Lehi, UT",
Entry Level Software Developer,Reliable Software,"Bentonville, AR 72712",
Software Developer,"LenCred, Inc.","Bentonville, AR 72712",
Associate Software Developer,Uline,"Pleasant Prairie, WI 53158",net java sql 
Software Developer,Cogent3D Inc.,"Tucson, AZ 85715",net c 
Front End Software and App Developer,WaterFurnace International,"Fort Wayne, IN",java c swift git rest linux 
Software Developer,Central Access Corporation,"Ridgeland, MS 39157",
Full Stack IoT Software Developers - 3 to 5 Years Experience Preferred,"AVTECH Software, Inc.","Warren, RI 02885",java cloud php react git javascript 
Ruby Software Developer,Expected Behavior,"Indianapolis, IN",ruby javascript html css api mongodb cloud aws react 
IT Junior Developer Intern,"Compass Mortgage, Inc","Lehi, UT",
Entry Level Software Developer,net line Technologies,"Springfield, IL",sql mongodb linux ios android backbone react ember bootstrap jquery net java javascript c python 
Intern Software Developer,Datix,"Pleasant Prairie, WI 53158",c net php 
Associate Software Developer,Uline,"Warrenton, VA",net java sql 
ASP.Net Software Developer (IT Software Developer,CMPG,"Springfield, IL",net c javascript css 
SOFTWARE DEVELOPER - $90K+,PRO-VISION Video Systems,"Ridgeland, MS 39157",c net sql javascript 
Software Developer Intern,OSF Healthcare,"Lehi, UT",
Software Developer,Meijer,"Bentonville, AR 72712",net sql mvc git android ios 
ASP.Net Software Developer (IT Software Developer,CMPG,"Warrenton, VA",net c javascript css 
Software Developer,Central Access Corporation,"Ridgeland, MS 39157",
SOFTWARE DEVELOPER - $90K+,PRO-VISION Video Systems,"Springfield, IL",c net sql javascript 
Software Developer Intern,OSF Healthcare,"Pleasant Prairie, WI 53158",
Software Developer,Orchestrade,"Lehi, UT",c java sql 
SOFTWARE DEVELOPER-ADV,Tennessee Department of Transportation,"Bentonville, AR 72712",
Software Engineer Internship,Central Screw Products,"Indianapolis, IN",
Entry Level Software Engineer,Common Goal Systems Inc.,"Warren, RI 02885",html c java javascript 
Software Developer,American Guardian Warranty Services (AGWS),"Tucson, AZ 85715",ios android javascript jquery css bootstrap net c sql 
Web Developer,Merchant Services Midwest Inc,"Warrenton, VA",html javascript jquery php wordpress mysql net 
Software Engineer/Part-Time or Internship,MacPractice,"Ridgeland, MS 39157",html css javascript php sql 
Software Development Engineer I,Expedia,"Lehi, UT",cloud aws 
Software Engineer Internship,Streamline Healthcare,"Bentonville, AR 72712",net asp c javascript sql 
Software Engineer,Community Brands,"Pleasant Prairie, WI 53158",java mvc html javascript css mysql xml linux rest react cloud maven 
"Summer 2019 Intern - AMTS Software Engineer, IT",Salesforce,"Springfield, IL",
Junior Software Developer,"Daraja Enterprises, Inc.","Indianapolis, IN",c java javascript python php 
Software Developer 1,AllclientCA 06-26-2018 4808,"Warren, RI 02885",
SOFTWARE DEVELOPER,ISBE,"Tucson, AZ 85715",
Junior Software Developer,Virtual Synergie Solutions,"Warrenton, VA",java c sql xml javascript json 
Software Developer,AdvancedMD,"Ridgeland, MS 39157",
Software Developer,Meijer,"Lehi, UT",net sql mvc git android ios 
Full Stack Software Developer,"Red Bud Industries, Inc.","Bentonville, AR 72712",mysql postgresql mongodb php bootstrap javascript react 
Entry Level Software Developer,CentralSquare Technologies,"Pleasant Prairie, WI 53158",c java javascript html css sql json angular jquery xml 
Software Developer 2016-2018 Master’s Graduate’s Only,Andhus Technologies,"Springfield, IL",
Software Developer (entry level),MONSANTO,"Warren, RI 02885",cloud 
Jr. Web Developer,TMG / Quad W,"Lehi, UT",php html css wordpress python bootstrap git 
Entry Level Software Engineer,BOEING,"Lehi, UT",
"Software Engineering Intern, MS, Fall 2019",Google,"Ridgeland, MS 39157",
Jr. Software Developer,Mastech Digital,"Pleasant Prairie, WI 53158",angular react javascript html css 
Software Developer,American Guardian Warranty Services (AGWS),"Tucson, AZ 85715",ios android javascript jquery css bootstrap net c sql 
Software Engineer,Redbox,"Bentonville, AR 72712",
Entry Level Software Engineer,SR Education Group,"Warrenton, VA",ruby javascript html css mysql redis cloud aws java python linux unix 
Software developer - IoT,Optime-Tech LLC,"Springfield, IL",java 
Entry Level Software Developer,Arbiter Software,"Warren, RI 02885",sql javascript html css linux 
Software Developer,Instec Corp,"Lehi, UT",c net asp mvc sql 
Software Developer I (SWE I),COLSA,"Lehi, UT",c asp net jquery javascript mvc json xml rest bootstrap angular react 
Software Developer,Covenant Eyes,"Ridgeland, MS 39157",c java swift sql mysql 
Software Developers/SQL Developers,Gannu Software Inc,"Pleasant Prairie, WI 53158",sql 
Software Developer,O'Reilly Auto Parts,"Tucson, AZ 85715",
Software Developer,"Sunrise Futures, LLC","Bentonville, AR 72712",
"2019 Software Developer Intern (Austin, TX & New York City, NY)",Atlassian,"Warrenton, VA",java python javascript 
Software Developer,The AME Group,"Springfield, IL",c java python android ios 
SOFTWARE DEVELOPER - $90K+,PRO-VISION Video Systems,"Springfield, IL",c net sql javascript 
Software Engineer (Entry level),Skyrise Pro,"Warren, RI 02885",c react cloud git api postgresql aws 
Software Engineer (Developer),BDO,"Indianapolis, IN",c asp net mvc sql javascript jquery 
Junior or Mid .NET & SQL Software Engineer,ThriftBooks,"Warrenton, VA",net c sql mvc git 
Software Engineer (back end)-100% remote! US Citizens!,Catapult Stg,"Ridgeland, MS 39157",
Application Developer,CreateASoft,"Lehi, UT",net c asp mvc java html xml javascript css sql 
Junior Software Engineer - Holland MI,BluJay Solutions,"Pleasant Prairie, WI 53158",html javascript css oracle mysql react angular xml aws git java c 
SQL Developer (Remote),BrightVine Solutions,"Tucson, AZ 85715",sql salesforce postgresql 
Software Developer,Epiq,"Bentonville, AR 72712",c net sql javascript jquery css html mvc aws 
Jr. Software Developer,Churchill Mortgage Corp,"Warren, RI 02885",c net javascript asp sql 
Software Developer,EponaTech LLC,"Indianapolis, IN",c 
Software Developer,Synechron,"Tucson, AZ 85715",swift java html xml oracle linux 
Software Tester,Super Duper Publications,"Warrenton, VA",
Junior Software Developer,The Infosoft Group,"Ridgeland, MS 39157",
Software Developer,ClubExpress,"Lehi, UT",asp net c sql 
Software Developer,Broadleaf-inc,"Bentonville, AR 72712",java c 
Junior Software Developer,Truno Retail Technology Solutions,"Pleasant Prairie, WI 53158",
Software Developer,American Guardian Warranty Services (AGWS),"Springfield, IL",ios android javascript jquery css bootstrap net c sql 
Junior Software Developer,Truno Retail Technology Solutions,"Warren, RI 02885",
Software Engineer I,UW Credit Union,"Indianapolis, IN",
Software Developer,L2T,"Tucson, AZ 85715",
Developer/ SE,"DCM Creations, Inc.","Warrenton, VA",java 
Junior Software Developer,"EagleForce Associates, Inc.","Ridgeland, MS 39157",
Associate Software Developer,CLEVER DEVICES LTD,"Lehi, UT",c net java 
Software Developer,Geoprobe®,"Bentonville, AR 72712",javascript css sql vue git 
Software Developer I,ANSYS,"Pleasant Prairie, WI 53158",c java python 
Software Developer,"Frazer Computing, Inc.","Springfield, IL",
Software Developer / Analyst,Real Estate Institute,"Warren, RI 02885",html css javascript net c sql 
Support Software Developer,Bastian Solutions,"Indianapolis, IN",
Associate Software Engineer,Allscripts,"Tucson, AZ 85715",c 
Software Developer,Siemens,"Warrenton, VA",
Software Developer,Ericsson,"Ridgeland, MS 39157",c python javascript 
Senior Software Developer - remote,JMA Solutions,"Lehi, UT",mongodb oracle java 
Software Developer,Interaction Gaming,"Bentonville, AR 72712",
Software Developer Engineer,"Amazon.com Services, Inc.","Pleasant Prairie, WI 53158",java c algorithms rest 
"Front End Software Developer, Zoro Tools",Grainger,"Springfield, IL",html css javascript angular vue ember jquery react git django 
Software Developer,EponaTech LLC,"Indianapolis, IN",c 
Software Developer,MoonITSolutions,"Lehi, UT",
Software Developer (Entry-Level),BASIS Curriculum Schools,"Warren, RI 02885",sql javascript jquery html xml json c api 
Software Developer - C++,"Carolina IT Professionals, Inc","Warrenton, VA",linux c net 
Entry Level Software Developer,EAI Technologies,"Ridgeland, MS 39157",javascript sql 
Software Developer Intern/Coop - New York/Connecticut,IBM,"Bentonville, AR 72712",cloud aws 
Entry-level Developer,The Mx Group,"Pleasant Prairie, WI 53158",c net angular sql javascript java 
Software Developer,ABD Solutions,"Tucson, AZ 85715",sql 
Entry Level Software Engineer,Datix,"Springfield, IL",c net php 
Software Engineer Summer Intern,automotiveMastermind Inc.,"Warren, RI 02885",cloud 
Software Developer,Xpectit Mobile,"Lehi, UT",
Software Developer,Rx2i,"Lehi, UT",c sql aws java mysql html javascript 
Digital - Junior Software Developer,Targetbase,"Ridgeland, MS 39157",net c git sql mvc api asp 
Software Developer,MoonITSolutions,"Pleasant Prairie, WI 53158",
NET Software Developer -Junior- mid level-opt- H1-B spor,Blue-E.,"Tucson, AZ 85715",asp net mvc jquery css oracle sql sqlite c 
Junior or Mid .NET & SQL Software Engineer,ThriftBooks,"Bentonville, AR 72712",net c sql mvc git 
Software Applications Developer,Bayer,"Warrenton, VA",c java oracle sql mvc rest api html css javascript jquery xml json unix git 
Jr. Programmer / SQL required,"Interactive Business Systems, Inc","Springfield, IL",sql 
Software Developer,Utica National Insurance and Founders Insurance,"Warren, RI 02885",
"Software Intern Developers, Applications",Altek,"Indianapolis, IN",php mysql sql html css git python java c javascript jquery angular selenium 
Software Developer,Health Carousel,"Tucson, AZ 85715",c php 
Software Engineer - University Graduate (Entry Level),Snowflake Computing,"Warrenton, VA",
Entry-Level Software Engineer,Motorola Solutions,"Ridgeland, MS 39157",c unix linux java xml python html css 
Software Developer II,NextGen Healthcare,"Lehi, UT",c net asp javascript html css react sql 
Software Developer,Ericsson,"Bentonville, AR 72712",c python javascript 
Software Developer,CACI,"Pleasant Prairie, WI 53158",java javascript html mysql oracle mvc jquery bootstrap css sql aws linux 
Senior Software Developer - remote,JMA Solutions,"Springfield, IL",mongodb oracle java 
SOFTWARE DEVELOPER - $90K+,PRO-VISION Video Systems,"Springfield, IL",c net sql javascript 
Software Engineer - New College Grad,Proofpoint,"Warren, RI 02885",cloud java javascript python aws 
Junior Software Developer,Springshare,"Lehi, UT",algorithms 
Entry Level ASP.Net Developer,O P Solutions,"Ridgeland, MS 39157",
Software Developer - Junior,Design To Delivery Inc,"Pleasant Prairie, WI 53158",sql asp net html xml java css 
Computer Programmer (multiple openings),WhamTech,"Tucson, AZ 85715",
F-22 Entry Level Software Engineer,BOEING,"Warrenton, VA",
Software Engineer Intern - Summer 2019,"MOBIS NORTH AMERICA, LLC","Lehi, UT",java c 
Software Developer Trainee,Mercury Insurance Group,"Bentonville, AR 72712",java rest sql html javascript 
